{
    "min": [
        1.001151840781248,
        1.3186080968235894,
        1.0416882070414255,
        1.0026135630451982
    ],
    "max": [
        99.78426471251584,
        99.941958851296,
        9.997459059575176,
        4.998230813001754
    ],
    "feature_names": [
        "hp",
        "player_hp",
        "distance",
        "player_velocity"
    ]
}